{
  "accuracy": 0.5629,
  "f1_weighted": 0.5662,
  "confusion_matrix": [
    [
      329,
      108,
      79
    ],
    [
      136,
      202,
      59
    ],
    [
      32,
      62,
      82
    ]
  ],
  "classification_report": {
    "lento": {
      "precision": 0.37272727272727274,
      "recall": 0.4659090909090909,
      "f1-score": 0.41414141414141414,
      "support": 176.0
    },
    "normal": {
      "precision": 0.543010752688172,
      "recall": 0.5088161209068011,
      "f1-score": 0.5253576072821846,
      "support": 397.0
    },
    "rapido": {
      "precision": 0.6619718309859155,
      "recall": 0.6375968992248062,
      "f1-score": 0.6495557749259625,
      "support": 516.0
    },
    "accuracy": 0.5629017447199265,
    "macro avg": {
      "precision": 0.5259032854671201,
      "recall": 0.5374407036802328,
      "f1-score": 0.5296849321165205,
      "support": 1089.0
    },
    "weighted avg": {
      "precision": 0.5718574229622927,
      "recall": 0.5629017447199265,
      "f1-score": 0.5662319915901862,
      "support": 1089.0
    }
  },
  "top_features": [
    [
      "comments",
      0.03311
    ],
    [
      "title_len",
      0.00894
    ],
    [
      "label_count",
      0.00878
    ],
    [
      "day_of_week",
      0.00825
    ],
    [
      "title_word_count",
      0.00794
    ],
    [
      "pluggy",
      0.00752
    ],
    [
      "body_word_count",
      0.00693
    ],
    [
      "pytest",
      0.00546
    ],
    [
      "https",
      0.00536
    ],
    [
      "hour_of_day",
      0.00392
    ],
    [
      "react",
      0.00367
    ],
    [
      "flask",
      0.0036
    ],
    [
      "https github",
      0.00345
    ],
    [
      "github com",
      0.00325
    ],
    [
      "ts",
      0.00318
    ],
    [
      "has_assignee",
      0.00315
    ],
    [
      "home assistant",
      0.00314
    ],
    [
      "com",
      0.00312
    ],
    [
      "h3 failures",
      0.00296
    ],
    [
      "think",
      0.00295
    ]
  ],
  "class_labels": [
    "rapido",
    "normal",
    "lento"
  ],
  "train_size": 4353,
  "test_size": 1089,
  "class_counts": {
    "rapido": 2577,
    "normal": 1983,
    "lento": 882
  }
}