{
  "accuracy": 0.5344,
  "f1_weighted": 0.5033,
  "confusion_matrix": [
    [
      411,
      75,
      15,
      15
    ],
    [
      179,
      112,
      12,
      6
    ],
    [
      88,
      39,
      32,
      8
    ],
    [
      36,
      28,
      6,
      27
    ]
  ],
  "classification_report": {
    "lento": {
      "precision": 0.49230769230769234,
      "recall": 0.19161676646706588,
      "f1-score": 0.27586206896551724,
      "support": 167.0
    },
    "muy_lento": {
      "precision": 0.48214285714285715,
      "recall": 0.27835051546391754,
      "f1-score": 0.35294117647058826,
      "support": 97.0
    },
    "normal": {
      "precision": 0.4409448818897638,
      "recall": 0.36245954692556637,
      "f1-score": 0.3978685612788632,
      "support": 309.0
    },
    "rapido": {
      "precision": 0.5756302521008403,
      "recall": 0.7965116279069767,
      "f1-score": 0.6682926829268293,
      "support": 516.0
    },
    "accuracy": 0.5344352617079889,
    "macro avg": {
      "precision": 0.49775642086028843,
      "recall": 0.4072346141908816,
      "f1-score": 0.4237411224104495,
      "support": 1089.0
    },
    "weighted avg": {
      "precision": 0.5163089259377525,
      "recall": 0.5344352617079889,
      "f1-score": 0.5032917074933895,
      "support": 1089.0
    }
  },
  "top_features": [
    [
      "comments",
      0.01673
    ],
    [
      "text_len",
      0.00812
    ],
    [
      "title_len",
      0.00803
    ],
    [
      "label_count",
      0.00665
    ],
    [
      "day_of_week",
      0.00613
    ],
    [
      "to",
      0.00586
    ],
    [
      "the",
      0.00569
    ],
    [
      "and",
      0.00547
    ],
    [
      "hour_of_day",
      0.00524
    ],
    [
      "is",
      0.00505
    ],
    [
      "in",
      0.00499
    ],
    [
      "this",
      0.00445
    ],
    [
      "https",
      0.00425
    ],
    [
      "not",
      0.00421
    ],
    [
      "pluggy",
      0.00421
    ],
    [
      "for",
      0.00417
    ],
    [
      "of",
      0.00409
    ],
    [
      "it",
      0.004
    ],
    [
      "be",
      0.00391
    ],
    [
      "that",
      0.00385
    ]
  ],
  "class_labels": [
    "rapido",
    "normal",
    "lento",
    "muy_lento"
  ],
  "train_size": 4353,
  "test_size": 1089
}